"FullName","SizeMB","Extension"
"F:\BaiduNetdiskDownload\add\our_sysytem\Thirdparty\rerun\.git\objects\pack\pack-81d6a76ddf0ea7ed2ec8f039fc140effff1de543.pack","268.2",".pack"
"F:\BaiduNetdiskDownload\add\our_sysytem\Thirdparty\Pangolin.tar.gz","185.5",".gz"
"F:\BaiduNetdiskDownload\add\our_sysytem\Vocabulary\ORBvoc.txt","138.5",".txt"
"F:\BaiduNetdiskDownload\add\our_sysytem\Thirdparty\rerun\target\release\librerun_c.a","72",".a"
"F:\BaiduNetdiskDownload\add\our_sysytem\Thirdparty\rerun\target\release\deps\librerun_c-c00ace7879fbd153.a","72",".a"
"F:\BaiduNetdiskDownload\add\our_sysytem\Thirdparty\rerun\install\lib\librerun_c.a","72",".a"
"F:\BaiduNetdiskDownload\add\our_sysytem\Thirdparty\Pangolin1\.git\modules\scripts\vcpkg\objects\pack\pack-ebebe5967eb62fbbfdba223e2a67faf0aae716c2.pack","71.7",".pack"
"F:\BaiduNetdiskDownload\add\our_sysytem\Thirdparty\rerun\build\arrow\src\arrow_cpp\.git\objects\pack\pack-4d4517757ce229f2b3bfc23c58a5f840e4eded9c.pack","70.5",".pack"
"F:\BaiduNetdiskDownload\add\our_sysytem\Thirdparty\Pangolin\.git\modules\scripts\vcpkg\objects\pack\pack-e58130914cce5dc8bc5afdc2c5340f9839f83861.pack","69.4",".pack"
